{
  "0": {
    "precision": 0.952317880794702,
    "recall": 0.9194373401534527,
    "f1-score": 0.9355888093689004,
    "support": 1564.0
  },
  "1": {
    "precision": 0.6294117647058823,
    "recall": 0.7482517482517482,
    "f1-score": 0.6837060702875399,
    "support": 286.0
  },
  "accuracy": 0.892972972972973,
  "macro avg": {
    "precision": 0.7908648227502921,
    "recall": 0.8338445442026005,
    "f1-score": 0.8096474398282202,
    "support": 1850.0
  },
  "weighted avg": {
    "precision": 0.9023983406858358,
    "recall": 0.892972972972973,
    "f1-score": 0.8966490994352414,
    "support": 1850.0
  }
}